content	correctAnswer	explanation
鑒真即使受到各種阻礙，仍然堅持前往日本，他意志堅定、不畏艱辛的品質值得我們學習。	1	鑒真是唐代高僧，多次嘗試東渡日本傳法，雖然遭遇多次失敗，但仍堅持不懈，最終成功到達日本。他的堅毅精神確實值得學習。
文天祥擔任宋朝丞相期間，勇敢對抗敵人，即使戰敗被俘，仍然拒絕敵人的勸降，展現出高尚的愛國情操。	1	文天祥是南宋末年的傑出政治家和軍事家，他在對抗蒙古南侵時表現出色，被俘後仍堅決拒絕投降，最終殉難，被尊為民族英雄。
唐太宗被鄰近地區和其他民族尊稱為「成吉思汗」。	0	唐太宗被尊稱為「天可汗」，而非「成吉思汗」。成吉思汗是蒙古族領袖鐵木真的尊號。
唐朝時，很多外國商人來到首都汴京進行貿易。	0	唐朝的首都是長安（今陝西西安），而非汴京。汴京是北宋的首都。
唐朝海上對外交通發達，廣州是國內外商人進行貿易的地點。	1	唐朝時期，廣州是中國最重要的海外貿易港口，與阿拉伯、波斯等地進行活躍的海上貿易。
玄奘成功取得西經後，將西行見聞編寫成《西遊記》一書。	0	玄奘取得的是佛經（特別是《大般若經》等），而非「西經」。他的西行見聞被編寫成《大唐西域記》，而非《西遊記》。《西遊記》是後世文學作品。
玄奘因為受到唐太宗的指派，所以前往天竺。	0	玄奘是自願前往天竺（印度）取經的，並非受唐太宗指派。他最初是秘密出境的。
玄奘把帶回國的佛經翻譯成漢文，又把西行的見聞口述成書，促進中國和印度的文化交流。	1	玄奘確實翻譯了大量佛經，並根據西行見聞編寫了《大唐西域記》，這些工作對中印文化交流做出了重大貢獻。
鑒真意志堅定，即使年老失明，仍然堅持前往日本傳揚佛法。	1	鑒真在多次東渡失敗後，年事已高且雙目失明，但仍然不放棄，最終成功到達日本，展現了堅毅的精神。
《清明上河圖》是一幅唐朝時期的畫作，描繪當時的首都汴京及汴河兩岸的景象。	0	《清明上河圖》是北宋時期的畫作，由畫家張擇端創作，描繪的是北宋首都汴京的繁華景象，而非唐朝。
《清明上河圖》描繪了宋朝首都汴京和汴河兩岸的繁華景象。	1	《清明上河圖》確實是北宋張擇端的名作，生動描繪了北宋首都汴京及汴河沿岸的繁華景象，是研究北宋社會生活的重要史料。
專家在泉州灣出土的宋朝古船中，發現了當時的貨幣和瓷器。	1	泉州是宋朝重要的海外貿易港口，考古學家在泉州灣發現的宋朝沉船中確實出土了大量貨幣、瓷器等貿易商品。
「水密隔艙」技術促進了宋朝的海外貿易。	1	水密隔艙技術是宋朝造船業的重要創新，使船隻更加堅固，能夠承載更多貨物，因此促進了海外貿易的發展。
宋朝時，非洲是香料的原產地和集散地。	0	香料的主要原產地是東南亞（特別是香料群島）和印度，而非非洲。非洲主要出產象牙、黃金等商品。
宋王臺紀念了宋朝皇帝為躲避元軍追殺而逃到香港的事跡。	1	宋王臺位於香港九龍，紀念南宋末代皇帝趙昺為躲避元軍追殺而逃到香港的歷史事件。
宋朝末年，人們從內地遷徙到香港新界定居，形成多個宗族。	1	宋朝末年，許多人為躲避戰亂從內地遷徙到香港新界地區定居，形成了多個宗族聚落，這些宗族至今仍存在於香港。
宋朝時期，人們為逃避水災從內地遷徲到香港，建立圍村。	0	人們遷徙到香港主要是為了躲避戰亂和蒙古南侵，而非逃避水災。圍村的建立與防禦外敵有關。
圍村中設立宗祠是為了供奉祖先和神明。	0	圍村中設立宗祠主要是為了供奉祖先，進行宗族活動和管理，而非供奉神明。供奉神明通常在廟宇進行。
文天祥擔任宋朝丞相時，號召百姓組成義軍，抵抗蒙古南侵。	1	文天祥在南宋末年確實號召百姓組織義軍，積極抵抗蒙古南侵，展現了愛國精神。
文天祥雖然被元軍俘虜，但是堅拒向元朝投降。	1	文天祥被元軍俘虜後，面對元世祖忽必烈的勸降，始終堅決拒絕，最終被處死，成為民族英雄的象徵。
蒙古族長年面對惡劣的自然環境和氣候，養成了堅毅勇敢的民族特性。	1	蒙古高原氣候惡劣，自然環境嚴峻，蒙古人長期在這樣的環境中生存，養成了堅毅、勇敢、善於騎射的民族特性。
鐵木真統一蒙古各部落，建立了蒙古政權，被尊稱為「天可汗」。	0	鐵木真統一蒙古各部落後被尊稱為「成吉思汗」，而非「天可汗」。「天可汗」是唐太宗的尊號。
忽必烈統一蒙古各部，建立蒙古政權，被尊稱為「成吉思汗」。	0	忽必烈是鐵木真的孫子，他統一了蒙古各部並建立了元朝，但他被尊稱為「世祖」或「忽必烈汗」，而非「成吉思汗」。成吉思汗是他的祖父鐵木真的尊號。
元朝是由成吉思汗的孫兒忽必烈建立的。	1	忽必烈是成吉思汗鐵木真的孫子，他統一蒙古各部，建立了元朝，成為元朝的開創者和第一位皇帝。
